{
  "project_info": {
    "project_number": "972795206759",
    "project_id": "chatapp-7873c",
    "storage_bucket": "chatapp-7873c.appspot.com"
  },
  "client": [
    {
      "client_info": {
        "mobilesdk_app_id": "1:972795206759:android:42fece128d2175c479c8c2",
        "android_client_info": {
          "package_name": "com.mayank.gautam99.chatapp"
        }
      },
      "oauth_client": [
        {
          "client_id": "972795206759-5bhuqigk61g5bj5ffhnfv9a91nro7d4l.apps.googleusercontent.com",
          "client_type": 3
        }
      ],
      "api_key": [
        {
          "current_key": "AIzaSyDgU74-xU0UDTjg7xqP_OLiAvMMnl7hhnA"
        }
      ],
      "services": {
        "appinvite_service": {
          "other_platform_oauth_client": [
            {
              "client_id": "972795206759-5bhuqigk61g5bj5ffhnfv9a91nro7d4l.apps.googleusercontent.com",
              "client_type": 3
            }
          ]
        }
      }
    }
  ],
  "configuration_version": "1"
}